,eQTL_locus,gene,eQTL_pval,QTL_locus,phenotype,QTL_pval,comupte_model_pval
0,rs6206791,Cdk5rap1,0.0079746341272574,rs6206791,206,0.0388843270718665,True
1,rs4165676,Slc15a2,0.0268722081561034,rs4165503,207,0.0569978536086644,True
2,rs6206791,Kif3b,0.0690516318587762,rs6206791,206,0.0388843270718665,True
3,rs3674465,A530023O14Rik,0.0006446776538559,rs13479470,207,0.122544449540729,True
4,rs3674465,Trim30,0.0002368230990214,rs13479470,207,0.122544449540729,True
5,rs6280792,A530023O14Rik,0.0112970840231702,rs13479470,207,0.122544449540729,True
6,rs6280792,Trim30,0.0093905048147917,rs13479470,207,0.122544449540729,True
